row_number	s	slabel	user_slabel	o	olabel	user_olabel	deltaIC
342	CL:0000188	cell of skeletal muscle	skeletal muscle cell	UBERON:0010936	thyropharyngeus muscle	thyropharyngeal part of inferior pharyngeal constrictor muscle	44.337221778758014
353	CL:0000188	cell of skeletal muscle	skeletal muscle cell	UBERON:0001108	omohyoid muscle	omohyoid muscle	44.337221778758014
207	CL:0000188	cell of skeletal muscle	skeletal muscle cell	UBERON:0008428	ceratoglossus	ceratoglossus of hyoglossus muscle	44.337221778758014
203	CL:0000188	cell of skeletal muscle	skeletal muscle cell	UBERON:0010379	superior tarsal muscle	superior tarsal muscle	44.337221778758014
182	CL:0000188	cell of skeletal muscle	skeletal muscle cell	UBERON:0008617	innermost intercostal muscle	innermost intercostal muscle	44.337221778758014
181	CL:0000188	cell of skeletal muscle	skeletal muscle cell	UBERON:0005441	external intercostal muscle	external intercostal muscle	44.337221778758014
309	CL:0000188	cell of skeletal muscle	skeletal muscle cell	UBERON:0011908	gastrocnemius lateralis	lateral head of gastrocnemius muscle	44.337221778758014
341	CL:0000188	cell of skeletal muscle	skeletal muscle cell	UBERON:0010928	cricopharyngeus muscle	cricopharyngeal part of inferior pharyngeal constrictor muscle	44.337221778758014
43	CL:0000188	cell of skeletal muscle	skeletal muscle cell	UBERON:0035831	costal diaphragm	costal part of respiratory diaphragm muscle	44.337221778758014
224	CL:0000188	cell of skeletal muscle	skeletal muscle cell	UBERON:0010995	deep part of masseter muscle	deep part of masseter muscle	44.337221778758014
350	CL:0000188	cell of skeletal muscle	skeletal muscle cell	UBERON:0010956	pterygopharyngeal part of superior pharyngeal constrictor	pteryopharyngeal part of superior pharyngeal constrictor muscle	44.337221778758014
277	CL:0000188	cell of skeletal muscle	skeletal muscle cell	UBERON:0001373	sartorius muscle	sartorius muscle	44.337221778758014
310	CL:0000188	cell of skeletal muscle	skeletal muscle cell	UBERON:0011907	gastrocnemius medialis	medial head of gastrocnemius muscle	44.337221778758014
352	CL:0000188	cell of skeletal muscle	skeletal muscle cell	UBERON:0001108	omohyoid muscle	omohyoid muscle	44.337221778758014
354	CL:0000188	cell of skeletal muscle	skeletal muscle cell	UBERON:0001108	omohyoid muscle	omohyoid muscle	44.337221778758014
355	CL:0000188	cell of skeletal muscle	skeletal muscle cell	UBERON:0001107	sternohyoid muscle	sternohyoid muscle	44.337221778758014
356	CL:0000188	cell of skeletal muscle	skeletal muscle cell	UBERON:0001109	sternothyroid muscle	sternothyroid muscle	44.337221778758014
357	CL:0000188	cell of skeletal muscle	skeletal muscle cell	UBERON:0001110	thyrohyoid muscle	thyrohyoid muscle	44.337221778758014
378	CL:0000188	cell of skeletal muscle	skeletal muscle cell	UBERON:0010937	salpingopharyngeus muscle	salpingopharyngeus muscle	44.337221778758014
248	CL:0000188	cell of skeletal muscle	skeletal muscle cell	UBERON:0010947	occipitalis	occipital belly of occipitofrontalis muscle	44.337221778758014
45	CL:0000188	cell of skeletal muscle	skeletal muscle cell	UBERON:0014766	right crus of diaphragm	right crus of lumbar part of respiratory diaphragm muscle	44.337221778758014
44	CL:0000188	cell of skeletal muscle	skeletal muscle cell	UBERON:0014767	left crus of diaphragm	left crus of lumbar part of respiratory diaphragm muscle	44.337221778758014
208	CL:0000188	cell of skeletal muscle	skeletal muscle cell	UBERON:0011535	chondroglossus muscle	chondroglossus of hyoglossus muscle	44.337221778758014
225	CL:0000188	cell of skeletal muscle	skeletal muscle cell	UBERON:0011140	superficial part of masseter muscle	superficial part of masseter muscle	39.77307712149902
379	CL:0000188	cell of skeletal muscle	skeletal muscle cell	UBERON:0008804	stylopharyngeus muscle	stylopharyngeus muscle	39.77307712149902
183	CL:0000188	cell of skeletal muscle	skeletal muscle cell	UBERON:0002403	internal intercostal muscle	internal intercostal muscle	39.77307712149902
394	CL:0000188	cell of skeletal muscle	skeletal muscle cell	UBERON:0001565	geniohyoid muscle	geniohyoid muscle	37.10322364913568
212	CL:0000188	cell of skeletal muscle	skeletal muscle cell	UBERON:0001608	dilatator pupillae	dilator pupillae muscle	37.10322364913568
48	CL:0000188	cell of skeletal muscle	skeletal muscle cell	UBERON:0008488	cremaster muscle	cremaster muscle	37.10322364913568
47	CL:0000188	cell of skeletal muscle	skeletal muscle cell	UBERON:0008488	cremaster muscle	spermatic cord muscle	37.10322364913568
396	CL:0000188	cell of skeletal muscle	skeletal muscle cell	UBERON:0008712	stylohyoid muscle	stylohyoid muscle	35.208932464240014
247	CL:0000188	cell of skeletal muscle	skeletal muscle cell	UBERON:0010952	frontalis muscle belly	frontal belly of occipitofrontalis muscle	32.539078991876686
251	CL:0000188	cell of skeletal muscle	skeletal muscle cell	UBERON:0001578	orbicularis oculi muscle	orbicularis oculi muscle	31.524047810219052
395	CL:0000188	cell of skeletal muscle	skeletal muscle cell	UBERON:0001564	mylohyoid muscle	mylohyoid muscle	31.524047810219052
249	CL:0000188	cell of skeletal muscle	skeletal muscle cell	UBERON:0001578	orbicularis oculi muscle	orbicularis oculi muscle	31.524047810219052
250	CL:0000188	cell of skeletal muscle	skeletal muscle cell	UBERON:0001578	orbicularis oculi muscle	orbicularis oculi muscle	31.524047810219052
339	CL:0000188	cell of skeletal muscle	skeletal muscle cell	UBERON:0001569	constrictor muscle of pharynx	circular pharyngeal muscle	30.64478780698102
340	CL:0000188	cell of skeletal muscle	skeletal muscle cell	UBERON:0001569	constrictor muscle of pharynx	circular pharyngeal muscle	30.64478780698102
343	CL:0000188	cell of skeletal muscle	skeletal muscle cell	UBERON:0001569	constrictor muscle of pharynx	circular pharyngeal muscle	30.64478780698102
346	CL:0000188	cell of skeletal muscle	skeletal muscle cell	UBERON:0001569	constrictor muscle of pharynx	circular pharyngeal muscle	30.64478780698102
351	CL:0000188	cell of skeletal muscle	skeletal muscle cell	UBERON:0008523	infrahyoid muscle	infrahyoid muscle	30.64478780698102
37	CL:0000188	cell of skeletal muscle	skeletal muscle cell	UBERON:0004917	urethral sphincter	sphincter urethrae muscle	30.64478780698102
211	CL:0000188	cell of skeletal muscle	skeletal muscle cell	UBERON:0001605	ciliary muscle	ciliary muscle	30.64478780698102
246	CL:0000188	cell of skeletal muscle	skeletal muscle cell	UBERON:0010946	occipitofrontalis muscle	occipitofrontalis muscle	28.547875439401743
213	CL:0000188	cell of skeletal muscle	skeletal muscle cell	UBERON:0011222	intra-ocular muscle	intrinsic eye muscle	25.305080862254364
210	CL:0000188	cell of skeletal muscle	skeletal muscle cell	UBERON:0011222	intra-ocular muscle	intrinsic eye muscle	25.305080862254364
391	CL:0000188	cell of skeletal muscle	skeletal muscle cell	UBERON:0008571	suprahyoid muscle	suprahyoid muscle	22.883734952436363
390	CL:0000188	cell of skeletal muscle	skeletal muscle cell	UBERON:0008571	suprahyoid muscle	suprahyoid muscle	22.883734952436363
179	UBERON:0001495	pectoral muscle	pectoral muscle	UBERON:0002426	chest muscle	chest muscle	19.670802870295063
177	UBERON:0001495	pectoral muscle	pectoral muscle	UBERON:0002426	chest muscle	chest muscle	19.670802870295063
176	UBERON:0001495	pectoral muscle	pectoral muscle	UBERON:0002426	chest muscle	chest muscle	19.670802870295063
175	UBERON:0001495	pectoral muscle	pectoral muscle	UBERON:0002426	chest muscle	chest muscle	19.670802870295063
174	UBERON:0001495	pectoral muscle	pectoral muscle	UBERON:0002426	chest muscle	chest muscle	19.670802870295063
173	UBERON:0001495	pectoral muscle	pectoral muscle	UBERON:0002426	chest muscle	chest muscle	19.670802870295063
178	UBERON:0001495	pectoral muscle	pectoral muscle	UBERON:0002426	chest muscle	chest muscle	19.670802870295063
105	UBERON:0001482	muscle of shoulder	shoulder muscle	UBERON:0001499	muscle of arm	arm muscle	1.8606099408044514
102	UBERON:0001482	muscle of shoulder	shoulder muscle	UBERON:0001499	muscle of arm	arm muscle	1.8606099408044514
103	UBERON:0001482	muscle of shoulder	shoulder muscle	UBERON:0001499	muscle of arm	arm muscle	1.8606099408044514
104	UBERON:0001482	muscle of shoulder	shoulder muscle	UBERON:0001499	muscle of arm	arm muscle	1.8606099408044514
109	UBERON:0001482	muscle of shoulder	shoulder muscle	UBERON:0001499	muscle of arm	arm muscle	1.8606099408044514
106	UBERON:0001482	muscle of shoulder	shoulder muscle	UBERON:0001499	muscle of arm	arm muscle	1.8606099408044514
107	UBERON:0001482	muscle of shoulder	shoulder muscle	UBERON:0001499	muscle of arm	arm muscle	1.8606099408044514
108	UBERON:0001482	muscle of shoulder	shoulder muscle	UBERON:0001499	muscle of arm	arm muscle	1.8606099408044514
111	UBERON:0001482	muscle of shoulder	shoulder muscle	UBERON:0001499	muscle of arm	arm muscle	1.8606099408044514
112	UBERON:0001482	muscle of shoulder	shoulder muscle	UBERON:0001499	muscle of arm	arm muscle	1.8606099408044514
110	UBERON:0001482	muscle of shoulder	shoulder muscle	UBERON:0001499	muscle of arm	arm muscle	1.8606099408044514
28	UBERON:0002379	perineal muscle	perineal muscle	UBERON:0002378	muscle of abdomen	abdomen muscle	
29	UBERON:0002379	perineal muscle	perineal muscle	UBERON:0002378	muscle of abdomen	abdomen muscle	
30	UBERON:0002379	perineal muscle	perineal muscle	UBERON:0002378	muscle of abdomen	abdomen muscle	
31	UBERON:0002379	perineal muscle	perineal muscle	UBERON:0002378	muscle of abdomen	abdomen muscle	
32	UBERON:0002379	perineal muscle	perineal muscle	UBERON:0002378	muscle of abdomen	abdomen muscle	
33	UBERON:0002379	perineal muscle	perineal muscle	UBERON:0002378	muscle of abdomen	abdomen muscle	
34	UBERON:0002379	perineal muscle	perineal muscle	UBERON:0002378	muscle of abdomen	abdomen muscle	
35	UBERON:0002379	perineal muscle	perineal muscle	UBERON:0002378	muscle of abdomen	abdomen muscle	
36	UBERON:0002379	perineal muscle	perineal muscle	UBERON:0002378	muscle of abdomen	abdomen muscle	
37	UBERON:0002379	perineal muscle	perineal muscle	UBERON:0002378	muscle of abdomen	abdomen muscle	
37	UBERON:0004917	urethral sphincter	sphincter urethrae muscle	UBERON:0002379	perineal muscle	perineal muscle	
38	UBERON:0002379	perineal muscle	perineal muscle	UBERON:0002378	muscle of abdomen	abdomen muscle	
39	UBERON:0002379	perineal muscle	perineal muscle	UBERON:0002378	muscle of abdomen	abdomen muscle	
47	UBERON:0008488	cremaster muscle	spermatic cord muscle	UBERON:0002378	muscle of abdomen	abdomen muscle	
48	UBERON:0008488	cremaster muscle	spermatic cord muscle	UBERON:0002378	muscle of abdomen	abdomen muscle	
48	UBERON:0008488	cremaster muscle	cremaster muscle	UBERON:0008488	cremaster muscle	spermatic cord muscle	
72	UBERON:0001500	muscle of manus	hand muscle	UBERON:0001499	muscle of arm	arm muscle	
73	UBERON:0001500	muscle of manus	hand muscle	UBERON:0001499	muscle of arm	arm muscle	
74	UBERON:0001500	muscle of manus	hand muscle	UBERON:0001499	muscle of arm	arm muscle	
75	UBERON:0001500	muscle of manus	hand muscle	UBERON:0001499	muscle of arm	arm muscle	
80	UBERON:0014377	hypothenar muscle	hypothenar hand muscle	UBERON:0001499	muscle of arm	arm muscle	
81	UBERON:0014377	hypothenar muscle	hypothenar hand muscle	UBERON:0001499	muscle of arm	arm muscle	
136	UBERON:0008549	prevertebral muscle	prevertebral muscle	UBERON:0002324	muscle of back	back muscle	
137	UBERON:0008549	prevertebral muscle	prevertebral muscle	UBERON:0002324	muscle of back	back muscle	
138	UBERON:0008549	prevertebral muscle	prevertebral muscle	UBERON:0002324	muscle of back	back muscle	
163	UBERON:0010990	transversospinales muscle	transversospinales muscle	UBERON:0002324	muscle of back	back muscle	
164	UBERON:0010990	transversospinales muscle	transversospinales muscle	UBERON:0002324	muscle of back	back muscle	
165	UBERON:0010990	transversospinales muscle	transversospinales muscle	UBERON:0002324	muscle of back	back muscle	
166	UBERON:0010990	transversospinales muscle	transversospinales muscle	UBERON:0002324	muscle of back	back muscle	
167	UBERON:0010990	transversospinales muscle	transversospinales muscle	UBERON:0002324	muscle of back	back muscle	
168	UBERON:0010990	transversospinales muscle	transversospinales muscle	UBERON:0002324	muscle of back	back muscle	
169	UBERON:0010990	transversospinales muscle	transversospinales muscle	UBERON:0002324	muscle of back	back muscle	
170	UBERON:0010990	transversospinales muscle	transversospinales muscle	UBERON:0002324	muscle of back	back muscle	
171	UBERON:0010990	transversospinales muscle	transversospinales muscle	UBERON:0002324	muscle of back	back muscle	
195	UBERON:0001601	extra-ocular muscle	extra-ocular muscle	UBERON:0002376	cranial muscle	cranial muscle	
196	UBERON:0001601	extra-ocular muscle	extra-ocular muscle	UBERON:0002376	cranial muscle	cranial muscle	
197	UBERON:0001601	extra-ocular muscle	extra-ocular muscle	UBERON:0002376	cranial muscle	cranial muscle	
198	UBERON:0001601	extra-ocular muscle	extra-ocular muscle	UBERON:0002376	cranial muscle	cranial muscle	
199	UBERON:0001601	extra-ocular muscle	extra-ocular muscle	UBERON:0002376	cranial muscle	cranial muscle	
200	UBERON:0001601	extra-ocular muscle	extra-ocular muscle	UBERON:0002376	cranial muscle	cranial muscle	
201	UBERON:0001601	extra-ocular muscle	extra-ocular muscle	UBERON:0002376	cranial muscle	cranial muscle	
202	UBERON:0001601	extra-ocular muscle	extra-ocular muscle	UBERON:0002376	cranial muscle	cranial muscle	
203	UBERON:0001601	extra-ocular muscle	extra-ocular muscle	UBERON:0002376	cranial muscle	cranial muscle	
204	UBERON:0001575	extrinsic muscle of tongue	extrinsic tongue muscle	UBERON:0002376	cranial muscle	cranial muscle	
205	UBERON:0001575	extrinsic muscle of tongue	extrinsic tongue muscle	UBERON:0002376	cranial muscle	cranial muscle	
206	UBERON:0001575	extrinsic muscle of tongue	extrinsic tongue muscle	UBERON:0002376	cranial muscle	cranial muscle	
207	UBERON:0001575	extrinsic muscle of tongue	extrinsic tongue muscle	UBERON:0002376	cranial muscle	cranial muscle	
208	UBERON:0001575	extrinsic muscle of tongue	extrinsic tongue muscle	UBERON:0002376	cranial muscle	cranial muscle	
209	UBERON:0001575	extrinsic muscle of tongue	extrinsic tongue muscle	UBERON:0002376	cranial muscle	cranial muscle	
210	UBERON:0011222	intra-ocular muscle	intrinsic eye muscle	UBERON:0002376	cranial muscle	cranial muscle	
211	UBERON:0011222	intra-ocular muscle	intrinsic eye muscle	UBERON:0002376	cranial muscle	cranial muscle	
212	UBERON:0011222	intra-ocular muscle	intrinsic eye muscle	UBERON:0002376	cranial muscle	cranial muscle	
213	UBERON:0011222	intra-ocular muscle	intrinsic eye muscle	UBERON:0002376	cranial muscle	cranial muscle	
214	UBERON:0001576	intrinsic muscle of tongue	intrinsic tongue muscle	UBERON:0002376	cranial muscle	cranial muscle	
215	UBERON:0001576	intrinsic muscle of tongue	intrinsic tongue muscle	UBERON:0002376	cranial muscle	cranial muscle	
216	UBERON:0001576	intrinsic muscle of tongue	intrinsic tongue muscle	UBERON:0002376	cranial muscle	cranial muscle	
217	UBERON:0001576	intrinsic muscle of tongue	intrinsic tongue muscle	UBERON:0002376	cranial muscle	cranial muscle	
218	UBERON:0001576	intrinsic muscle of tongue	intrinsic tongue muscle	UBERON:0002376	cranial muscle	cranial muscle	
246	UBERON:0010946	occipitofrontalis muscle	occipitofrontalis muscle	UBERON:0001577	facial muscle	muscle of facial expression	
247	UBERON:0010946	occipitofrontalis muscle	occipitofrontalis muscle	UBERON:0001577	facial muscle	muscle of facial expression	
248	UBERON:0010946	occipitofrontalis muscle	occipitofrontalis muscle	UBERON:0001577	facial muscle	muscle of facial expression	
249	UBERON:0001578	orbicularis oculi muscle	orbicularis oculi muscle	UBERON:0001577	facial muscle	muscle of facial expression	
250	UBERON:0001578	orbicularis oculi muscle	orbicularis oculi muscle	UBERON:0001577	facial muscle	muscle of facial expression	
251	UBERON:0001578	orbicularis oculi muscle	orbicularis oculi muscle	UBERON:0001577	facial muscle	muscle of facial expression	
260	UBERON:0003682	palatal muscle	palatal muscle	UBERON:0002376	cranial muscle	cranial muscle	
261	UBERON:0003682	palatal muscle	palatal muscle	UBERON:0002376	cranial muscle	cranial muscle	
262	UBERON:0003682	palatal muscle	palatal muscle	UBERON:0002376	cranial muscle	cranial muscle	
263	UBERON:0003682	palatal muscle	palatal muscle	UBERON:0002376	cranial muscle	cranial muscle	
264	UBERON:0003682	palatal muscle	palatal muscle	UBERON:0002376	cranial muscle	cranial muscle	
284	UBERON:0002000	gluteal muscle	gluteal muscle	UBERON:0001383	muscle of leg	leg muscle	
285	UBERON:0002000	gluteal muscle	gluteal muscle	UBERON:0001383	muscle of leg	leg muscle	
286	UBERON:0002000	gluteal muscle	gluteal muscle	UBERON:0001383	muscle of leg	leg muscle	
287	UBERON:0002000	gluteal muscle	gluteal muscle	UBERON:0001383	muscle of leg	leg muscle	
288	UBERON:0002000	gluteal muscle	gluteal muscle	UBERON:0001383	muscle of leg	leg muscle	
288	UBERON:0019202	inferior gemellus muscle	inferior gemellus muscle	UBERON:0002000	gluteal muscle	gluteal muscle	
289	UBERON:0002000	gluteal muscle	gluteal muscle	UBERON:0001383	muscle of leg	leg muscle	
290	UBERON:0002000	gluteal muscle	gluteal muscle	UBERON:0001383	muscle of leg	leg muscle	
291	UBERON:0002000	gluteal muscle	gluteal muscle	UBERON:0001383	muscle of leg	leg muscle	
292	UBERON:0002000	gluteal muscle	gluteal muscle	UBERON:0001383	muscle of leg	leg muscle	
292	UBERON:0019203	superior gemellus muscle	superior gemellus muscle	UBERON:0002000	gluteal muscle	gluteal muscle	
293	UBERON:0002000	gluteal muscle	gluteal muscle	UBERON:0001383	muscle of leg	leg muscle	
335	UBERON:0008549	prevertebral muscle	anterior vertebral muscle	UBERON:0002377	muscle of neck	neck muscle	
336	UBERON:0008549	prevertebral muscle	anterior vertebral muscle	UBERON:0002377	muscle of neck	neck muscle	
337	UBERON:0008549	prevertebral muscle	anterior vertebral muscle	UBERON:0002377	muscle of neck	neck muscle	
337	UBERON:0003250	rectus capitis lateralis muscle	rectus capitis lateralis muscle	UBERON:0008549	prevertebral muscle	anterior vertebral muscle	
338	UBERON:0008549	prevertebral muscle	anterior vertebral muscle	UBERON:0002377	muscle of neck	neck muscle	
338	UBERON:0008453	rectus capitis anterior	rectus capitus anterior muscle	UBERON:0008549	prevertebral muscle	anterior vertebral muscle	
339	UBERON:0001569	constrictor muscle of pharynx	circular pharyngeal muscle	UBERON:0002377	muscle of neck	neck muscle	
340	UBERON:0001569	constrictor muscle of pharynx	circular pharyngeal muscle	UBERON:0002377	muscle of neck	neck muscle	
341	UBERON:0001569	constrictor muscle of pharynx	circular pharyngeal muscle	UBERON:0002377	muscle of neck	neck muscle	
342	UBERON:0001569	constrictor muscle of pharynx	circular pharyngeal muscle	UBERON:0002377	muscle of neck	neck muscle	
343	UBERON:0001569	constrictor muscle of pharynx	circular pharyngeal muscle	UBERON:0002377	muscle of neck	neck muscle	
344	UBERON:0001569	constrictor muscle of pharynx	circular pharyngeal muscle	UBERON:0002377	muscle of neck	neck muscle	
345	UBERON:0001569	constrictor muscle of pharynx	circular pharyngeal muscle	UBERON:0002377	muscle of neck	neck muscle	
346	UBERON:0001569	constrictor muscle of pharynx	circular pharyngeal muscle	UBERON:0002377	muscle of neck	neck muscle	
347	UBERON:0001569	constrictor muscle of pharynx	circular pharyngeal muscle	UBERON:0002377	muscle of neck	neck muscle	
348	UBERON:0001569	constrictor muscle of pharynx	circular pharyngeal muscle	UBERON:0002377	muscle of neck	neck muscle	
349	UBERON:0001569	constrictor muscle of pharynx	circular pharyngeal muscle	UBERON:0002377	muscle of neck	neck muscle	
350	UBERON:0001569	constrictor muscle of pharynx	circular pharyngeal muscle	UBERON:0002377	muscle of neck	neck muscle	
351	UBERON:0008523	infrahyoid muscle	infrahyoid muscle	UBERON:0002377	muscle of neck	neck muscle	
352	UBERON:0008523	infrahyoid muscle	infrahyoid muscle	UBERON:0002377	muscle of neck	neck muscle	
353	UBERON:0008523	infrahyoid muscle	infrahyoid muscle	UBERON:0002377	muscle of neck	neck muscle	
354	UBERON:0008523	infrahyoid muscle	infrahyoid muscle	UBERON:0002377	muscle of neck	neck muscle	
355	UBERON:0008523	infrahyoid muscle	infrahyoid muscle	UBERON:0002377	muscle of neck	neck muscle	
356	UBERON:0008523	infrahyoid muscle	infrahyoid muscle	UBERON:0002377	muscle of neck	neck muscle	
357	UBERON:0008523	infrahyoid muscle	infrahyoid muscle	UBERON:0002377	muscle of neck	neck muscle	
372	UBERON:0001122	scalenus medius	scalenus medius muscle	UBERON:0008611	scalene muscle	lateral vertebral muscle	
390	UBERON:0008571	suprahyoid muscle	suprahyoid muscle	UBERON:0002377	muscle of neck	neck muscle	
391	UBERON:0008571	suprahyoid muscle	suprahyoid muscle	UBERON:0002377	muscle of neck	neck muscle	
392	UBERON:0008571	suprahyoid muscle	suprahyoid muscle	UBERON:0002377	muscle of neck	neck muscle	
393	UBERON:0008571	suprahyoid muscle	suprahyoid muscle	UBERON:0002377	muscle of neck	neck muscle	
394	UBERON:0008571	suprahyoid muscle	suprahyoid muscle	UBERON:0002377	muscle of neck	neck muscle	
395	UBERON:0008571	suprahyoid muscle	suprahyoid muscle	UBERON:0002377	muscle of neck	neck muscle	
396	UBERON:0008571	suprahyoid muscle	suprahyoid muscle	UBERON:0002377	muscle of neck	neck muscle	
