Upper AS	Upper AS/label	Upper AS/ID	AS Name	References/ID	References/DOI
arm bone	arm bone	UBERON:0003460	free part of arm bone	ISBN:9780323393225 ; HTTPS:FIPATLIBRARYDALCATA2	
humerus	humerus	UBERON:0000976	olecranon fossa of humerus	ISBN:9780323393225 ; HTTPS:FIPATLIBRARYDALCATA2	
ulna	ulna	UBERON:0001424	olecranon of ulna	ISBN:9780323393225 ; HTTPS:FIPATLIBRARYDALCATA2	
ulna	ulna	UBERON:0001424	trochlear notch of ulna	ISBN:9780323393225 ; HTTPS:FIPATLIBRARYDALCATA2	
scapula	scapula	UBERON:0006849	glenoid fossa of scapula	ISBN:9780323393225 ; HTTPS:FIPATLIBRARYDALCATA2	
scapula	scapula	UBERON:0006849	supraglenoid tubercle of scapula	ISBN:9780323393225 ; HTTPS:FIPATLIBRARYDALCATA2	
leg bone	leg bone	UBERON:0005893	free part of leg bone	ISBN:9780323393225 ; HTTPS:FIPATLIBRARYDALCATA2	
os coxa	innominate bone	UBERON:0001272	acetabulum of os coxa	ISBN:9780323393225 ; HTTPS:FIPATLIBRARYDALCATA2	
os coxa	innominate bone	UBERON:0001272	iliac crest of ilium of os coxa	ISBN:9780323393225 ; HTTPS:FIPATLIBRARYDALCATA2	
os coxa	innominate bone	UBERON:0001272	iliac fossa of ilium of os coxa	ISBN:9780323393225 ; HTTPS:FIPATLIBRARYDALCATA2	
os coxa	innominate bone	UBERON:0001272	ischial ramus of ischium of os coxa	ISBN:9780323393225 ; HTTPS:FIPATLIBRARYDALCATA2	
os coxa	innominate bone	UBERON:0001272	obturator foramen of os coxa	ISBN:9780323393225 ; HTTPS:FIPATLIBRARYDALCATA2	
os coxa	innominate bone	UBERON:0001272	pubic symphysis of pubis of os coxa	ISBN:9780323393225 ; HTTPS:FIPATLIBRARYDALCATA2	
ethmoid bone	ethmoid bone	UBERON:0001679	cribiform plate of ethmoid bone	ISBN:9780323393225 ; HTTPS:FIPATLIBRARYDALCATA2	
occipital bone	occipital bone	UBERON:0001676	external occipital protuberance of squamous part of occipital bone	ISBN:9780323393225 ; HTTPS:FIPATLIBRARYDALCATA2	
occipital bone	occipital bone	UBERON:0001676	occipital condyle of basilar part of occipital bone	ISBN:9780323393225 ; HTTPS:FIPATLIBRARYDALCATA2	
parietal bone	tetrapod parietal bone	UBERON:0000210	temporal fossa of parietal bone	ISBN:9780323393225 ; HTTPS:FIPATLIBRARYDALCATA2	
sphenoid bone	sphenoid bone	UBERON:0001677	hypophyseal fossa of sphenoid bone	ISBN:9780323393225 ; HTTPS:FIPATLIBRARYDALCATA2	
sphenoid bone	sphenoid bone	UBERON:0001677	lateral pterygoid plate of sphenoid bone	ISBN:9780323393225 ; HTTPS:FIPATLIBRARYDALCATA2	
sphenoid bone	sphenoid bone	UBERON:0001677	optic canal of sphenoid bone	ISBN:9780323393225 ; HTTPS:FIPATLIBRARYDALCATA2	
sphenoid bone	sphenoid bone	UBERON:0001677	pterygoid canal of sphenoid bone	ISBN:9780323393225 ; HTTPS:FIPATLIBRARYDALCATA2	
sphenoid bone	sphenoid bone	UBERON:0001677	sella turcica of sphenoid bone	ISBN:9780323393225 ; HTTPS:FIPATLIBRARYDALCATA2	
temporal bone	temporal bone	UBERON:0001678	groove for sigmoid sinus of mastoid part of temporal bone	ISBN:9780323393225 ; HTTPS:FIPATLIBRARYDALCATA2	
temporal bone	temporal bone	UBERON:0001678	styloid process of petrous part of temporal bone	ISBN:9780323393225 ; HTTPS:FIPATLIBRARYDALCATA2	
maxilla	maxilla	UBERON:0002397	incisive foramen of maxilla	ISBN:9780323393225 ; HTTPS:FIPATLIBRARYDALCATA2	
maxilla	maxilla	UBERON:0002397	infraorbital canal of maxilla	ISBN:9780323393225 ; HTTPS:FIPATLIBRARYDALCATA2	
maxilla	maxilla	UBERON:0002397	intermaxillary suture of maxilla	ISBN:9780323393225 ; HTTPS:FIPATLIBRARYDALCATA2	
thoracic skeleton	thoracic skeleton	UBERON:0014477	costal region bone	ISBN:9780323393225 ; HTTPS:FIPATLIBRARYDALCATA2	
cervical vertebra 1	vertebral bone 1	UBERON:0001092	posterior tubercle of first cervical vertebra	ISBN:9780323393225 ; HTTPS:FIPATLIBRARYDALCATA2	
cervical vertebra 1	vertebral bone 1	UBERON:0001092	transverse foramen of first cervical vertebra	ISBN:9780323393225 ; HTTPS:FIPATLIBRARYDALCATA2	
cervical vertebra 1	vertebral bone 1	UBERON:0001092	vertebral body of first cervical vertebra	ISBN:9780323393225 ; HTTPS:FIPATLIBRARYDALCATA2	
cervical vertebra 1	vertebral bone 1	UBERON:0001092	vertebral foramen of first cervical vertebra	ISBN:9780323393225 ; HTTPS:FIPATLIBRARYDALCATA2	
cervical vertebra 2	vertebral bone 2	UBERON:0001093	transverse foramen of second cervical vertebra	ISBN:9780323393225 ; HTTPS:FIPATLIBRARYDALCATA2	
cervical vertebra 2	vertebral bone 2	UBERON:0001093	vertebral body of second cervical vertebra	ISBN:9780323393225 ; HTTPS:FIPATLIBRARYDALCATA2	
cervical vertebra 2	vertebral bone 2	UBERON:0001093	vertebral foramen of second cervical vertebra	ISBN:9780323393225 ; HTTPS:FIPATLIBRARYDALCATA2	
cervical vertebra 3	mammalian cervical vertebra 3	UBERON:0004612	vertebral body of third cervical vertebra	ISBN:9780323393225 ; HTTPS:FIPATLIBRARYDALCATA2	
cervical vertebra 4	mammalian cervical vertebra 4	UBERON:0004613	vertebral body of fourth cervical vertebra	ISBN:9780323393225 ; HTTPS:FIPATLIBRARYDALCATA2	
cervical vertebra 5	mammalian cervical vertebra 5	UBERON:0004614	vertebral body of fifth cervical vertebra	ISBN:9780323393225 ; HTTPS:FIPATLIBRARYDALCATA2	
cervical vertebra 6	mammalian cervical vertebra 6	UBERON:0004615	vertebral body of sixth cervical vertebra	ISBN:9780323393225 ; HTTPS:FIPATLIBRARYDALCATA2	
cervical vertebra 7	mammalian cervical vertebra 7	UBERON:0004616	vertebral body of seventh cervical vertebra	ISBN:9780323393225 ; HTTPS:FIPATLIBRARYDALCATA2	
lumbar vertebra 1	lumbar vertebra 1	UBERON:0004617	vertebral body of first lumbar vertebra	ISBN:9780323393225 ; HTTPS:FIPATLIBRARYDALCATA2	
lumbar vertebra 2	lumbar vertebra 2	UBERON:0004618	vertebral body of second lumbar vertebra	ISBN:9780323393225 ; HTTPS:FIPATLIBRARYDALCATA2	
lumbar vertebra 3	lumbar vertebra 3	UBERON:0004619	vertebral body of third lumbar vertebra	ISBN:9780323393225 ; HTTPS:FIPATLIBRARYDALCATA2	
lumbar vertebra 4	lumbar vertebra 4	UBERON:0004620	vertebral body of fourth lumbar vertebra	ISBN:9780323393225 ; HTTPS:FIPATLIBRARYDALCATA2	
lumbar vertebra 5	lumbar vertebra 5	UBERON:0004621	vertebral body of fifth lumbar vertebra	ISBN:9780323393225 ; HTTPS:FIPATLIBRARYDALCATA2	
thoracic vertebra 1	thoracic vertebra 1	UBERON:0004626	vertebral body of first thoracic vertebra	ISBN:9780323393225 ; HTTPS:FIPATLIBRARYDALCATA2	
thoracic vertebra 1	thoracic vertebra 1	UBERON:0004626	vertebral foramen of first thoracic vertebra	ISBN:9780323393225 ; HTTPS:FIPATLIBRARYDALCATA2	
thoracic vertebra 10	thoracic vertebra 10	UBERON:0004634	vertebral body of tenth thoracic vertebra	ISBN:9780323393225 ; HTTPS:FIPATLIBRARYDALCATA2	
thoracic vertebra 11	thoracic vertebra 11	UBERON:0004635	vertebral body of eleventh thoracic vertebra	ISBN:9780323393225 ; HTTPS:FIPATLIBRARYDALCATA2	
thoracic vertebra 12	thoracic vertebra 12	UBERON:0004636	vertebral body of twelfth thoracic vertebra	ISBN:9780323393225 ; HTTPS:FIPATLIBRARYDALCATA2	
thoracic vertebra 2	thoracic vertebra 2	UBERON:0004627	vertebral body of second thoracic vertebra	ISBN:9780323393225 ; HTTPS:FIPATLIBRARYDALCATA2	
thoracic vertebra 3	thoracic vertebra 3	UBERON:0004628	vertebral body of third thoracic vertebra	ISBN:9780323393225 ; HTTPS:FIPATLIBRARYDALCATA2	
thoracic vertebra 4	thoracic vertebra 4	UBERON:0004629	vertebral body of fourth thoracic vertebra	ISBN:9780323393225 ; HTTPS:FIPATLIBRARYDALCATA2	
thoracic vertebra 5	thoracic vertebra 5	UBERON:0004630	vertebral body of fifth thoracic vertebra	ISBN:9780323393225 ; HTTPS:FIPATLIBRARYDALCATA2	
thoracic vertebra 6	thoracic vertebra 6	UBERON:0004631	vertebral body of sixth thoracic vertebra	ISBN:9780323393225 ; HTTPS:FIPATLIBRARYDALCATA2	
thoracic vertebra 7	thoracic vertebra 7	UBERON:0004632	vertebral body of seventh thoracic vertebra	ISBN:9780323393225 ; HTTPS:FIPATLIBRARYDALCATA2	
thoracic vertebra 8	thoracic vertebra 8	UBERON:0011050	vertebral body of eighth thoracic vertebra	ISBN:9780323393225 ; HTTPS:FIPATLIBRARYDALCATA2	
thoracic vertebra 9	thoracic vertebra 9	UBERON:0004633	vertebral body of ninth thoracic vertebra	ISBN:9780323393225 ; HTTPS:FIPATLIBRARYDALCATA2	
